,Description
0,Used 2006 Aston Martin DB9 Volante
1,Used 2008 Aston Martin V8 Vantage
2,Used 2007 Aston Martin DB9 Volante
3,Used 2011 Aston Martin V8 Vantage Base
4,Used 2014 Aston Martin Vanquish Base
5,Used 2016 Aston Martin V8 Vantage S Base
6,Used 2020 Aston Martin DB11 Volante
7,Used 2014 Aston Martin DB9 Volante
8,Used 2014 Aston Martin DB9 Base
9,Used 2017 Aston Martin DB11
10,Used 2019 Aston Martin DB11 AMR
11,Used 2019 Aston Martin Vantage Base
12,Used 2019 Aston Martin DB11 AMR
13,Used 2019 Aston Martin DB11 AMR
14,Used 2019 Aston Martin Vantage Base
